[Header],,,,,,,,
IEMFileVersion,5,,,,,,,
Investigator Name,NAME,,,,,,,
Experiment Name,INITIALS DATE,,,,,,,
Date,DATE,,,,,,,
Workflow,GenerateFASTQ,,,,,,,
Application,FASTQ Only,,,,,,,
Instrument Type,MiSeq,,,,,,,
Assay,Nextera XT,,,,,,,
Index Adapters,Nextera XT Index Kit (24 Indexes 96 Samples),,,,,,,
Chemistry,Amplicon,,,,,,,
,,,,,,,,
[Reads],,,,,,,,
251,,,,,,,,
251,,,,,,,,
,,,,,,,,
[Settings],,,,,,,,
ReverseComplement,0,,,,,,,
Adapter,AGATCGGAAGAGCACACGTCTGAACTCCAGTCAC,,,,,,,
AdapterRead2,AGATCGGAAGAGCGTCGTGTAGGGAAAGA,,,,,,,
,,,,,,,,
[Data],,,,,,,,
Sample_ID,Sample_Plate,Sample_Well,I7_Index_ID,index,I5_Index_ID,index2,Sample_Project,Description
WT_5N_LN,,,,ACAGTG,,TTGACT,,
dnRAG1_5N_LN,,,,GCCAAT,,TTGACT,,
dnRAG1_5P_LN,,,,GCCAAT,,CTCTAC,,
dnRAG1_5P_LP,,,,GCCAAT,,CCACTC,,
VH12_5N_LN,,,,CAGATC,,TTGACT,,
VH12_5P_LP,,,,CAGATC,,CCACTC,,
VH12_dnRAG1_5N_LN,,,,ACTTGA,,TTGACT,,
VH12_dnRAG1_5P_LP,,,,ACTTGA,,CCACTC,,